pct_type,threshold,site,mod_kappa,mod_classification_accuracy
jd,5,01013500,0.387337528064758,0.962782340862423
jd,10,01013500,0.39035690927994027,0.8961327857631759
jd,20,01013500,0.5026750580224628,0.8483915126625599
jd,30,01013500,0.5756885465107822,0.8282854209445585
site,5,01013500,0.41157423202411036,0.9440451745379876
site,10,01013500,0.4736992309492102,0.9052874743326489
site,20,01013500,0.570738714743085,0.8625085557837098
site,30,01013500,0.6771789014406457,0.8643908281998631
