pct_type,threshold,site,mod_kappa,mod_classification_accuracy
jd,5,01015800,0.3405264966385367,0.9600444900752909
jd,10,01015800,0.45953522392953533,0.9077686516084873
jd,20,01015800,0.5227938872089629,0.8542950034223135
jd,30,01015800,0.546343719034605,0.8163928815879534
site,5,01015800,0.5370121387286789,0.9559377138945927
site,10,01015800,0.5621291704645189,0.9212012320328542
site,20,01015800,0.5860308939903734,0.8673853524982889
site,30,01015800,0.6623822288005573,0.8580595482546202
