pct_type,threshold,site,mod_kappa,mod_classification_accuracy
jd,5,01011000,0.2332031855989832,0.9535420944558521
jd,10,01011000,0.4361810528241721,0.9041752224503764
jd,20,01011000,0.472925295938977,0.8393223819301848
jd,30,01011000,0.5218120043923008,0.8065537303216974
site,5,01011000,0.3277323779087548,0.9359171800136893
site,10,01011000,0.39165611620427543,0.8903148528405201
site,20,01011000,0.5320813717878288,0.8501026694045175
site,30,01011000,0.6009403093860486,0.8323921971252567
