pct_type,threshold,site,mod_kappa,mod_classification_accuracy
jd,5,01013500,0.4211395954818752,0.964835728952772
jd,10,01013500,0.43454850069951634,0.9036618754277892
jd,20,01013500,0.5745233566377279,0.8702943189596167
jd,30,01013500,0.609515069957855,0.841974674880219
site,5,01013500,0.14885202369236872,0.9190622861054073
site,10,01013500,0.38526929143390076,0.8893737166324436
site,20,01013500,0.5317392451428926,0.8500171115674195
site,30,01013500,0.6148550805200386,0.8382101300479123
