pct_type,threshold,site,mod_kappa,mod_classification_accuracy
jd,5,01015800,0.24167607857578843,0.9540554414784395
jd,10,01015800,0.4214319558577778,0.9012662559890486
jd,20,01015800,0.5031788385328779,0.848305954825462
jd,30,01015800,0.5433841720012801,0.8151950718685832
site,5,01015800,0.1720158830468227,0.9212012320328542
site,10,01015800,0.29208505409518815,0.8726043805612594
site,20,01015800,0.438604476882429,0.8201574264202601
site,30,01015800,0.5659200084578593,0.8175051334702259
