rho_obs_mod,quant_length,mod_nse,threshold,site,pct_type
0.05354096928093379,586,-10.191513018336103,5,01013500,weibull_site
0.8491961102738499,368,-0.838452549497928,5,01013500,weibull_jd
0.06910807585939678,1169,-7.918187974838444,10,01013500,weibull_site
0.8253097061739765,1103,-0.10048082911943235,10,01013500,weibull_jd
0.2398275577608835,2344,-6.613205851037869,20,01013500,weibull_site
0.8342377801678915,2195,0.399548864002947,20,01013500,weibull_jd
0.36820169154772253,3509,-6.230655807369539,30,01013500,weibull_site
0.8326233063399201,3298,0.48816130540635894,30,01013500,weibull_jd
