rho_obs_mod,quant_length,mod_nse,threshold,site,pct_type
0.27938382629679925,588,-21.933639311730158,5,01011000,weibull_site
0.8709150354184996,366,-0.43536410780884904,5,01011000,weibull_jd
0.27010038841423994,1174,-9.86401782630395,10,01011000,weibull_site
0.8521491858895809,1097,-0.006585744201200061,10,01011000,weibull_jd
0.33807707158442296,2345,-5.528722489757283,20,01011000,weibull_site
0.8486939021884267,2194,0.3449181766534928,20,01011000,weibull_jd
0.43907573185311116,3507,-3.707430651769581,30,01011000,weibull_site
0.84660767262796,3294,0.5293171976440405,30,01011000,weibull_jd
