mod_bias,mod_pct_bias,mod_sd_ratio,thresh,pct_type,site_name
3.5617632405198236,71.86652346015943,0.474358186691184,5,weibull_site,01013500
-0.481145236713056,-3.7806567430684965,0.46600039403906357,5,weibull_jd,01013500
2.9205841482278183,45.812395243234654,0.5199657421678944,10,weibull_site,01013500
-1.3694647732424965,-8.88387416692946,0.517356070227791,10,weibull_jd,01013500
2.029528072001371,24.18914187385311,0.5604958095469964,20,weibull_site,01013500
-2.247645856405473,-12.369206220272057,0.5139910815783959,20,weibull_jd,01013500
1.4865456686253555,14.632094406853982,0.6478806716193223,30,weibull_site,01013500
-2.942237876322263,-14.427182115731416,0.5130399257421784,30,weibull_jd,01013500
