mod_bias,mod_pct_bias,mod_sd_ratio,thresh,pct_type,site_name
-0.5823595542290025,-7.802906327369266,0.5501246255263335,5,weibull_site,01011000
-3.631043635103932,-26.851034448929134,0.5258726523199789,5,weibull_jd,01011000
-1.3809498494251118,-15.487364153091399,0.4623848466584448,10,weibull_site,01011000
-3.7882888740226193,-23.283294404392507,0.5648078086759272,10,weibull_jd,01011000
-2.6292427448188658,-23.480632344559933,0.45817940707896737,20,weibull_site,01011000
-4.517129669905401,-22.89065232929721,0.6131764589229157,20,weibull_jd,01011000
-3.4811402984966,-26.228612551669357,0.5576144788116522,30,weibull_site,01011000
-5.241534928846697,-22.955653596297406,0.6440002098711598,30,weibull_jd,01011000
