mod_bias,mod_pct_bias,mod_sd_ratio,thresh,pct_type,site_name
0.7783637166727777,23.673065400730668,0.9699347855005684,5,weibull_site,01015800
0.46692589972470877,5.481915603329791,0.6873924675480158,5,weibull_jd,01015800
0.7958533378080652,18.290964607735553,1.0038121130064888,10,weibull_site,01015800
0.35621974469101225,3.4308266958209876,0.7136421386689701,10,weibull_jd,01015800
0.748433764936304,12.360772343076023,0.9680351023403025,20,weibull_site,01015800
-0.5057306888277342,-3.873457794254697,0.6792025250390284,20,weibull_jd,01015800
0.6056997881771462,7.928673808757285,0.9315992352891007,30,weibull_site,01015800
-1.1737688715140262,-7.630951438144357,0.6552955571535987,30,weibull_jd,01015800
