mod_bias,mod_pct_bias,mod_sd_ratio,thresh,pct_type,site
-5.525782308663652,-74.03872989946983,0.7143243760890444,5,weibull_site,01011000
-3.4357082899988214,-25.406558257620386,0.8903812220529358,5,weibull_jd,01011000
-5.783763340265631,-64.86495441038952,0.8192897878484185,10,weibull_site,01011000
-3.4362376983853054,-21.119544109639467,0.8967846860658999,10,weibull_jd,01011000
-5.9217719349072775,-52.88478970072059,0.9185636297870127,20,weibull_site,01011000
-3.3251179900607575,-16.850107352788555,0.9729586050099255,20,weibull_jd,01011000
-6.023952668691234,-45.387403847219964,0.9358806500254961,30,weibull_site,01011000
-3.463922738879347,-15.170481845009512,0.9748691918310188,30,weibull_jd,01011000
