mod_bias,mod_pct_bias,mod_sd_ratio,thresh,pct_type,site
-2.3998957822366265,-72.99015690335594,0.4894639763237917,5,weibull_site,01015800
-3.0890295433582384,-36.26656662837956,0.9061375703233175,5,weibull_jd,01015800
-2.9471698579615735,-67.73431360284214,0.48639053376096913,10,weibull_site,01015800
-2.459127703653362,-23.68437207613266,1.127170073929652,10,weibull_jd,01015800
-3.577781108475575,-59.088913203947314,0.6221342334680934,20,weibull_site,01015800
-2.4172334941218363,-18.513908934502197,1.1089923714683458,20,weibull_jd,01015800
-3.815568866970361,-49.94619699653888,0.7954357215151873,30,weibull_site,01015800
-2.1893589688049957,-14.233544931266378,1.0633525726035538,30,weibull_jd,01015800
