mod_bias,mod_pct_bias,mod_sd_ratio,thresh,pct_type,site
-2.4350095824149114,-49.131753421879424,0.5228956858186027,5,weibull_site,01013500
-0.7012908724832911,-5.510477634609822,0.8801719867667275,5,weibull_jd,01013500
-2.7479913149631083,-43.10509742458751,0.7104265962566207,10,weibull_site,01013500
-0.7927879949147023,-5.142906137847323,0.937396026736674,10,weibull_jd,01013500
-2.7858834291601315,-33.20384203679313,0.9378926083802692,20,weibull_site,01013500
-1.0814140341031653,-5.951219209733595,0.880204978060933,20,weibull_jd,01013500
-2.5820528907362217,-25.415190705630643,1.0505950329710336,30,weibull_site,01013500
-1.0583190432533378,-5.189438181201013,0.8687100520875767,30,weibull_jd,01013500
