rho_obs_mod,quant_length,mod_nse,threshold,site,pct_type
0.35057086993413367,586,-14.845161683516334,5,01013500,weibull_site
0.9169583727353121,368,0.7027732857927058,5,01013500,weibull_jd
0.2376895658113401,1169,-8.18339242655046,10,01013500,weibull_site
0.8956985649515085,1103,0.6953754039775518,10,01013500,weibull_jd
0.3627732417595655,2344,-5.158569866095108,20,01013500,weibull_site
0.8564392413118452,2195,0.6442391305953443,20,01013500,weibull_jd
0.4259415949470938,3509,-3.0546888215671224,30,01013500,weibull_site
0.8494306146784457,3298,0.6596276572823606,30,01013500,weibull_jd
