rho_obs_mod,quant_length,mod_nse,threshold,site,pct_type
0.2548514435949234,588,-15.585936727774005,5,01011000,weibull_site
0.7001437766178289,366,0.409941376210068,5,01011000,weibull_jd
0.3099369332867916,1174,-9.914696102329653,10,01011000,weibull_site
0.7150221936659285,1097,0.5378722187187943,10,01011000,weibull_jd
0.27978167660181336,2345,-7.963496759112502,20,01011000,weibull_site
0.7433096674261845,2194,0.4785515218591416,20,01011000,weibull_jd
0.3722031700798795,3507,-5.758163526685633,30,01011000,weibull_site
0.7531636578831801,3294,0.5239374905893076,30,01011000,weibull_jd
